{
  "weight": {
    "rank": [
      46.42666666666667,
      52.75333333333334,
      59.080000000000005,
      65.40666666666667,
      71.73333333333333,
      78.06,
      84.38666666666667,
      90.71333333333334,
      97.04,
      103.36666666666667,
      109.69333333333334,
      116.02000000000001,
      122.34666666666668,
      128.67333333333335,
      135.0
    ],
    "result": [
      0.3727144447686015,
      4.023648910137713,
      11.994141357609388,
      18.835773442011945,
      19.476413605863403,
      15.9790898861018,
      11.282649725822681,
      7.637073774835226,
      4.80837357180707,
      2.859065117857547,
      1.5462290943515304,
      0.754359746839965,
      0.28459665271468293,
      0.1041933351988902,
      0.04167733407955608
    ]
  },
  "height": {
    "rank": [
      156.58666666666667,
      159.57333333333335,
      162.56000000000003,
      165.5466666666667,
      168.5333333333334,
      171.52000000000007,
      174.50666666666675,
      177.49333333333342,
      180.4800000000001,
      183.46666666666678,
      186.45333333333346,
      189.44000000000014,
      192.42666666666682,
      195.4133333333335,
      198.40000000000018
    ],
    "result": [
      0.0005953904868508011,
      0.029769524342540054,
      0.8460498818149883,
      3.414564442089344,
      8.727233756259043,
      15.824883750007443,
      21.058961519912835,
      19.96344302410736,
      15.539096316319057,
      8.774864995207105,
      3.907547765201808,
      1.406312329941592,
      0.3965300642426335,
      0.08633162059336616,
      0.023815619474032046
    ]
  },
  "bmi": {
    "rank": [
      15.253189747964548,
      17.30743235926686,
      19.36167497056917,
      21.41591758187148,
      23.47016019317379,
      25.5244028044761,
      27.57864541577841,
      29.63288802708072,
      31.68713063838303,
      33.74137324968534,
      35.79561586098765,
      37.84985847228997,
      39.90410108359228,
      41.958343694894594,
      44.01258630619691
    ],
    "result": [
      0.06311139160618492,
      2.4089499097983413,
      11.602374417261561,
      19.602040998588922,
      20.95357740374024,
      17.03174026685402,
      11.641670189393714,
      7.330447674107063,
      4.810755133754473,
      2.7792827926195396,
      1.1991164405175134,
      0.43642122686163726,
      0.12324583077811582,
      0.014884762171270027,
      0.0023815619474032044
    ]
  }
}