{
  "weight": {
    "rank": [
      49.59,
      59.080000000000005,
      68.57000000000001,
      78.06,
      87.55,
      97.03999999999999,
      106.52999999999999,
      116.01999999999998,
      125.50999999999998,
      134.99999999999997,
      144.48999999999998
    ],
    "result": [
      1.5331305036408127,
      14.85737420887489,
      28.592437350036022,
      25.69883958394113,
      15.542073268753311,
      8.186023803711665,
      3.7872788868579454,
      1.3723750721910966,
      0.3596158540578839,
      0.07085146793524534
    ]
  },
  "height": {
    "rank": [
      158.07999999999998,
      162.55999999999997,
      167.03999999999996,
      171.51999999999995,
      175.99999999999994,
      180.47999999999993,
      184.95999999999992,
      189.4399999999999,
      193.9199999999999,
      198.3999999999999,
      202.87999999999988
    ],
    "result": [
      0.00535851438165721,
      0.8710562822627219,
      6.927368314509071,
      21.03931363384676,
      31.209773930232142,
      25.35172693010711,
      11.182028733544895,
      2.906696356805611,
      0.45785528438826606,
      0.04882201992176569
    ]
  },
  "bmi": {
    "rank": [
      16.280311053615705,
      19.36167497056917,
      22.443038887522633,
      25.524402804476097,
      28.60576672142956,
      31.687130638383024,
      34.76849455533649,
      37.84985847228995,
      40.931222389243416,
      44.01258630619688,
      47.093950223150344
    ],
    "result": [
      0.532874485731467,
      13.54156123293462,
      30.239287436665336,
      27.348071232517846,
      15.765940091809213,
      8.016932905446037,
      3.5181623868013836,
      0.8966580731973064,
      0.13396285954143025,
      0.006549295355358812
    ]
  }
}